--
-- PostgreSQL database dump
--

-- Dumped from database version 13.21 (Debian 13.21-1.pgdg120+1)
-- Dumped by pg_dump version 13.21 (Debian 13.21-1.pgdg110+1)

SET statement_timeout = 0;
SET lock_timeout = 0;
SET idle_in_transaction_session_timeout = 0;
SET client_encoding = 'UTF8';
SET standard_conforming_strings = on;
SELECT pg_catalog.set_config('search_path', '', false);
SET check_function_bodies = false;
SET xmloption = content;
SET client_min_messages = warning;
SET row_security = off;

SET default_tablespace = '';

SET default_table_access_method = heap;

--
-- Name: auth_group; Type: TABLE; Schema: public; Owner: -
--

CREATE TABLE public.auth_group (
    id integer NOT NULL,
    name character varying(150) NOT NULL
);


--
-- Name: auth_group_id_seq; Type: SEQUENCE; Schema: public; Owner: -
--

ALTER TABLE public.auth_group ALTER COLUMN id ADD GENERATED BY DEFAULT AS IDENTITY (
    SEQUENCE NAME public.auth_group_id_seq
    START WITH 1
    INCREMENT BY 1
    NO MINVALUE
    NO MAXVALUE
    CACHE 1
);


--
-- Name: auth_group_permissions; Type: TABLE; Schema: public; Owner: -
--

CREATE TABLE public.auth_group_permissions (
    id bigint NOT NULL,
    group_id integer NOT NULL,
    permission_id integer NOT NULL
);


--
-- Name: auth_group_permissions_id_seq; Type: SEQUENCE; Schema: public; Owner: -
--

ALTER TABLE public.auth_group_permissions ALTER COLUMN id ADD GENERATED BY DEFAULT AS IDENTITY (
    SEQUENCE NAME public.auth_group_permissions_id_seq
    START WITH 1
    INCREMENT BY 1
    NO MINVALUE
    NO MAXVALUE
    CACHE 1
);


--
-- Name: auth_permission; Type: TABLE; Schema: public; Owner: -
--

CREATE TABLE public.auth_permission (
    id integer NOT NULL,
    name character varying(255) NOT NULL,
    content_type_id integer NOT NULL,
    codename character varying(100) NOT NULL
);


--
-- Name: auth_permission_id_seq; Type: SEQUENCE; Schema: public; Owner: -
--

ALTER TABLE public.auth_permission ALTER COLUMN id ADD GENERATED BY DEFAULT AS IDENTITY (
    SEQUENCE NAME public.auth_permission_id_seq
    START WITH 1
    INCREMENT BY 1
    NO MINVALUE
    NO MAXVALUE
    CACHE 1
);


--
-- Name: citas_cita; Type: TABLE; Schema: public; Owner: -
--

CREATE TABLE public.citas_cita (
    id bigint NOT NULL,
    fecha date NOT NULL,
    hora time without time zone NOT NULL,
    estado character varying(20) NOT NULL,
    fecha_creacion timestamp with time zone NOT NULL,
    recordatorio_enviado boolean NOT NULL,
    paciente_id bigint NOT NULL,
    tratamiento_id bigint NOT NULL,
    tipo_cita character varying(20) NOT NULL,
    duracion_extendida boolean NOT NULL,
    duracion_cita integer NOT NULL
);


--
-- Name: citas_cita_id_seq; Type: SEQUENCE; Schema: public; Owner: -
--

ALTER TABLE public.citas_cita ALTER COLUMN id ADD GENERATED BY DEFAULT AS IDENTITY (
    SEQUENCE NAME public.citas_cita_id_seq
    START WITH 1
    INCREMENT BY 1
    NO MINVALUE
    NO MAXVALUE
    CACHE 1
);


--
-- Name: citas_tratamiento; Type: TABLE; Schema: public; Owner: -
--

CREATE TABLE public.citas_tratamiento (
    id bigint NOT NULL,
    nombre character varying(100) NOT NULL,
    descripcion text,
    duracion_minutos integer NOT NULL,
    precio numeric(10,2) NOT NULL
);


--
-- Name: citas_tratamiento_id_seq; Type: SEQUENCE; Schema: public; Owner: -
--

ALTER TABLE public.citas_tratamiento ALTER COLUMN id ADD GENERATED BY DEFAULT AS IDENTITY (
    SEQUENCE NAME public.citas_tratamiento_id_seq
    START WITH 1
    INCREMENT BY 1
    NO MINVALUE
    NO MAXVALUE
    CACHE 1
);


--
-- Name: django_admin_log; Type: TABLE; Schema: public; Owner: -
--

CREATE TABLE public.django_admin_log (
    id integer NOT NULL,
    action_time timestamp with time zone NOT NULL,
    object_id text,
    object_repr character varying(200) NOT NULL,
    action_flag smallint NOT NULL,
    change_message text NOT NULL,
    content_type_id integer,
    user_id bigint NOT NULL,
    CONSTRAINT django_admin_log_action_flag_check CHECK ((action_flag >= 0))
);


--
-- Name: django_admin_log_id_seq; Type: SEQUENCE; Schema: public; Owner: -
--

ALTER TABLE public.django_admin_log ALTER COLUMN id ADD GENERATED BY DEFAULT AS IDENTITY (
    SEQUENCE NAME public.django_admin_log_id_seq
    START WITH 1
    INCREMENT BY 1
    NO MINVALUE
    NO MAXVALUE
    CACHE 1
);


--
-- Name: django_celery_beat_clockedschedule; Type: TABLE; Schema: public; Owner: -
--

CREATE TABLE public.django_celery_beat_clockedschedule (
    id integer NOT NULL,
    clocked_time timestamp with time zone NOT NULL
);


--
-- Name: django_celery_beat_clockedschedule_id_seq; Type: SEQUENCE; Schema: public; Owner: -
--

ALTER TABLE public.django_celery_beat_clockedschedule ALTER COLUMN id ADD GENERATED BY DEFAULT AS IDENTITY (
    SEQUENCE NAME public.django_celery_beat_clockedschedule_id_seq
    START WITH 1
    INCREMENT BY 1
    NO MINVALUE
    NO MAXVALUE
    CACHE 1
);


--
-- Name: django_celery_beat_crontabschedule; Type: TABLE; Schema: public; Owner: -
--

CREATE TABLE public.django_celery_beat_crontabschedule (
    id integer NOT NULL,
    minute character varying(240) NOT NULL,
    hour character varying(96) NOT NULL,
    day_of_week character varying(64) NOT NULL,
    day_of_month character varying(124) NOT NULL,
    month_of_year character varying(64) NOT NULL,
    timezone character varying(63) NOT NULL
);


--
-- Name: django_celery_beat_crontabschedule_id_seq; Type: SEQUENCE; Schema: public; Owner: -
--

ALTER TABLE public.django_celery_beat_crontabschedule ALTER COLUMN id ADD GENERATED BY DEFAULT AS IDENTITY (
    SEQUENCE NAME public.django_celery_beat_crontabschedule_id_seq
    START WITH 1
    INCREMENT BY 1
    NO MINVALUE
    NO MAXVALUE
    CACHE 1
);


--
-- Name: django_celery_beat_intervalschedule; Type: TABLE; Schema: public; Owner: -
--

CREATE TABLE public.django_celery_beat_intervalschedule (
    id integer NOT NULL,
    every integer NOT NULL,
    period character varying(24) NOT NULL
);


--
-- Name: django_celery_beat_intervalschedule_id_seq; Type: SEQUENCE; Schema: public; Owner: -
--

ALTER TABLE public.django_celery_beat_intervalschedule ALTER COLUMN id ADD GENERATED BY DEFAULT AS IDENTITY (
    SEQUENCE NAME public.django_celery_beat_intervalschedule_id_seq
    START WITH 1
    INCREMENT BY 1
    NO MINVALUE
    NO MAXVALUE
    CACHE 1
);


--
-- Name: django_celery_beat_periodictask; Type: TABLE; Schema: public; Owner: -
--

CREATE TABLE public.django_celery_beat_periodictask (
    id integer NOT NULL,
    name character varying(200) NOT NULL,
    task character varying(200) NOT NULL,
    args text NOT NULL,
    kwargs text NOT NULL,
    queue character varying(200),
    exchange character varying(200),
    routing_key character varying(200),
    expires timestamp with time zone,
    enabled boolean NOT NULL,
    last_run_at timestamp with time zone,
    total_run_count integer NOT NULL,
    date_changed timestamp with time zone NOT NULL,
    description text NOT NULL,
    crontab_id integer,
    interval_id integer,
    solar_id integer,
    one_off boolean NOT NULL,
    start_time timestamp with time zone,
    priority integer,
    headers text NOT NULL,
    clocked_id integer,
    expire_seconds integer,
    CONSTRAINT django_celery_beat_periodictask_expire_seconds_check CHECK ((expire_seconds >= 0)),
    CONSTRAINT django_celery_beat_periodictask_priority_check CHECK ((priority >= 0)),
    CONSTRAINT django_celery_beat_periodictask_total_run_count_check CHECK ((total_run_count >= 0))
);


--
-- Name: django_celery_beat_periodictask_id_seq; Type: SEQUENCE; Schema: public; Owner: -
--

ALTER TABLE public.django_celery_beat_periodictask ALTER COLUMN id ADD GENERATED BY DEFAULT AS IDENTITY (
    SEQUENCE NAME public.django_celery_beat_periodictask_id_seq
    START WITH 1
    INCREMENT BY 1
    NO MINVALUE
    NO MAXVALUE
    CACHE 1
);


--
-- Name: django_celery_beat_periodictasks; Type: TABLE; Schema: public; Owner: -
--

CREATE TABLE public.django_celery_beat_periodictasks (
    ident smallint NOT NULL,
    last_update timestamp with time zone NOT NULL
);


--
-- Name: django_celery_beat_solarschedule; Type: TABLE; Schema: public; Owner: -
--

CREATE TABLE public.django_celery_beat_solarschedule (
    id integer NOT NULL,
    event character varying(24) NOT NULL,
    latitude numeric(9,6) NOT NULL,
    longitude numeric(9,6) NOT NULL
);


--
-- Name: django_celery_beat_solarschedule_id_seq; Type: SEQUENCE; Schema: public; Owner: -
--

ALTER TABLE public.django_celery_beat_solarschedule ALTER COLUMN id ADD GENERATED BY DEFAULT AS IDENTITY (
    SEQUENCE NAME public.django_celery_beat_solarschedule_id_seq
    START WITH 1
    INCREMENT BY 1
    NO MINVALUE
    NO MAXVALUE
    CACHE 1
);


--
-- Name: django_celery_results_chordcounter; Type: TABLE; Schema: public; Owner: -
--

CREATE TABLE public.django_celery_results_chordcounter (
    id integer NOT NULL,
    group_id character varying(255) NOT NULL,
    sub_tasks text NOT NULL,
    count integer NOT NULL,
    CONSTRAINT django_celery_results_chordcounter_count_check CHECK ((count >= 0))
);


--
-- Name: django_celery_results_chordcounter_id_seq; Type: SEQUENCE; Schema: public; Owner: -
--

ALTER TABLE public.django_celery_results_chordcounter ALTER COLUMN id ADD GENERATED BY DEFAULT AS IDENTITY (
    SEQUENCE NAME public.django_celery_results_chordcounter_id_seq
    START WITH 1
    INCREMENT BY 1
    NO MINVALUE
    NO MAXVALUE
    CACHE 1
);


--
-- Name: django_celery_results_groupresult; Type: TABLE; Schema: public; Owner: -
--

CREATE TABLE public.django_celery_results_groupresult (
    id integer NOT NULL,
    group_id character varying(255) NOT NULL,
    date_created timestamp with time zone NOT NULL,
    date_done timestamp with time zone NOT NULL,
    content_type character varying(128) NOT NULL,
    content_encoding character varying(64) NOT NULL,
    result text
);


--
-- Name: django_celery_results_groupresult_id_seq; Type: SEQUENCE; Schema: public; Owner: -
--

ALTER TABLE public.django_celery_results_groupresult ALTER COLUMN id ADD GENERATED BY DEFAULT AS IDENTITY (
    SEQUENCE NAME public.django_celery_results_groupresult_id_seq
    START WITH 1
    INCREMENT BY 1
    NO MINVALUE
    NO MAXVALUE
    CACHE 1
);


--
-- Name: django_celery_results_taskresult; Type: TABLE; Schema: public; Owner: -
--

CREATE TABLE public.django_celery_results_taskresult (
    id integer NOT NULL,
    task_id character varying(255) NOT NULL,
    status character varying(50) NOT NULL,
    content_type character varying(128) NOT NULL,
    content_encoding character varying(64) NOT NULL,
    result text,
    date_done timestamp with time zone NOT NULL,
    traceback text,
    meta text,
    task_args text,
    task_kwargs text,
    task_name character varying(255),
    worker character varying(100),
    date_created timestamp with time zone NOT NULL,
    periodic_task_name character varying(255)
);


--
-- Name: django_celery_results_taskresult_id_seq; Type: SEQUENCE; Schema: public; Owner: -
--

ALTER TABLE public.django_celery_results_taskresult ALTER COLUMN id ADD GENERATED BY DEFAULT AS IDENTITY (
    SEQUENCE NAME public.django_celery_results_taskresult_id_seq
    START WITH 1
    INCREMENT BY 1
    NO MINVALUE
    NO MAXVALUE
    CACHE 1
);


--
-- Name: django_content_type; Type: TABLE; Schema: public; Owner: -
--

CREATE TABLE public.django_content_type (
    id integer NOT NULL,
    app_label character varying(100) NOT NULL,
    model character varying(100) NOT NULL
);


--
-- Name: django_content_type_id_seq; Type: SEQUENCE; Schema: public; Owner: -
--

ALTER TABLE public.django_content_type ALTER COLUMN id ADD GENERATED BY DEFAULT AS IDENTITY (
    SEQUENCE NAME public.django_content_type_id_seq
    START WITH 1
    INCREMENT BY 1
    NO MINVALUE
    NO MAXVALUE
    CACHE 1
);


--
-- Name: django_migrations; Type: TABLE; Schema: public; Owner: -
--

CREATE TABLE public.django_migrations (
    id bigint NOT NULL,
    app character varying(255) NOT NULL,
    name character varying(255) NOT NULL,
    applied timestamp with time zone NOT NULL
);


--
-- Name: django_migrations_id_seq; Type: SEQUENCE; Schema: public; Owner: -
--

ALTER TABLE public.django_migrations ALTER COLUMN id ADD GENERATED BY DEFAULT AS IDENTITY (
    SEQUENCE NAME public.django_migrations_id_seq
    START WITH 1
    INCREMENT BY 1
    NO MINVALUE
    NO MAXVALUE
    CACHE 1
);


--
-- Name: django_session; Type: TABLE; Schema: public; Owner: -
--

CREATE TABLE public.django_session (
    session_key character varying(40) NOT NULL,
    session_data text NOT NULL,
    expire_date timestamp with time zone NOT NULL
);


--
-- Name: insumos_insumo; Type: TABLE; Schema: public; Owner: -
--

CREATE TABLE public.insumos_insumo (
    id bigint NOT NULL,
    nombre character varying(100) NOT NULL,
    descripcion text,
    unidad_medida character varying(20) NOT NULL,
    stock_actual integer NOT NULL,
    stock_critico integer NOT NULL,
    ultima_actualizacion timestamp with time zone NOT NULL,
    fecha_vencimiento date,
    valor_unitario numeric(10,0) NOT NULL
);


--
-- Name: insumos_insumo_id_seq; Type: SEQUENCE; Schema: public; Owner: -
--

ALTER TABLE public.insumos_insumo ALTER COLUMN id ADD GENERATED BY DEFAULT AS IDENTITY (
    SEQUENCE NAME public.insumos_insumo_id_seq
    START WITH 1
    INCREMENT BY 1
    NO MINVALUE
    NO MAXVALUE
    CACHE 1
);


--
-- Name: insumos_movimientoinsumo; Type: TABLE; Schema: public; Owner: -
--

CREATE TABLE public.insumos_movimientoinsumo (
    id bigint NOT NULL,
    cantidad integer NOT NULL,
    tipo_movimiento character varying(10) NOT NULL,
    motivo character varying(200) NOT NULL,
    fecha_movimiento timestamp with time zone NOT NULL,
    insumo_id bigint NOT NULL,
    usuario_id bigint
);


--
-- Name: insumos_movimientoinsumo_id_seq; Type: SEQUENCE; Schema: public; Owner: -
--

ALTER TABLE public.insumos_movimientoinsumo ALTER COLUMN id ADD GENERATED BY DEFAULT AS IDENTITY (
    SEQUENCE NAME public.insumos_movimientoinsumo_id_seq
    START WITH 1
    INCREMENT BY 1
    NO MINVALUE
    NO MAXVALUE
    CACHE 1
);


--
-- Name: pacientes_fichaclinica; Type: TABLE; Schema: public; Owner: -
--

CREATE TABLE public.pacientes_fichaclinica (
    id bigint NOT NULL,
    fecha date NOT NULL,
    descripcion_atencion text NOT NULL,
    procedimiento text NOT NULL,
    indicaciones text NOT NULL,
    proxima_sesion_estimada date,
    cita_id bigint,
    paciente_id bigint NOT NULL,
    costo_total numeric(10,0) NOT NULL
);


--
-- Name: pacientes_fichaclinica_id_seq; Type: SEQUENCE; Schema: public; Owner: -
--

ALTER TABLE public.pacientes_fichaclinica ALTER COLUMN id ADD GENERATED BY DEFAULT AS IDENTITY (
    SEQUENCE NAME public.pacientes_fichaclinica_id_seq
    START WITH 1
    INCREMENT BY 1
    NO MINVALUE
    NO MAXVALUE
    CACHE 1
);


--
-- Name: pacientes_paciente; Type: TABLE; Schema: public; Owner: -
--

CREATE TABLE public.pacientes_paciente (
    id bigint NOT NULL,
    rut character varying(12) NOT NULL,
    nombre character varying(100) NOT NULL,
    telefono character varying(15) NOT NULL,
    correo character varying(254) NOT NULL,
    enfermedad_base text,
    contacto_emergencia character varying(100),
    caso_clinico text,
    fecha_registro timestamp with time zone NOT NULL,
    direccion character varying(200),
    fecha_nacimiento date
);


--
-- Name: pacientes_paciente_id_seq; Type: SEQUENCE; Schema: public; Owner: -
--

ALTER TABLE public.pacientes_paciente ALTER COLUMN id ADD GENERATED BY DEFAULT AS IDENTITY (
    SEQUENCE NAME public.pacientes_paciente_id_seq
    START WITH 1
    INCREMENT BY 1
    NO MINVALUE
    NO MAXVALUE
    CACHE 1
);


--
-- Name: pacientes_usoproductoenficha; Type: TABLE; Schema: public; Owner: -
--

CREATE TABLE public.pacientes_usoproductoenficha (
    id bigint NOT NULL,
    cantidad integer NOT NULL,
    fecha_uso timestamp with time zone NOT NULL,
    ficha_id bigint NOT NULL,
    insumo_id bigint NOT NULL,
    CONSTRAINT pacientes_usoproductoenficha_cantidad_check CHECK ((cantidad >= 0))
);


--
-- Name: pacientes_usoproductoenficha_id_seq; Type: SEQUENCE; Schema: public; Owner: -
--

ALTER TABLE public.pacientes_usoproductoenficha ALTER COLUMN id ADD GENERATED BY DEFAULT AS IDENTITY (
    SEQUENCE NAME public.pacientes_usoproductoenficha_id_seq
    START WITH 1
    INCREMENT BY 1
    NO MINVALUE
    NO MAXVALUE
    CACHE 1
);


--
-- Name: usuarios_usuario; Type: TABLE; Schema: public; Owner: -
--

CREATE TABLE public.usuarios_usuario (
    id bigint NOT NULL,
    password character varying(128) NOT NULL,
    last_login timestamp with time zone,
    is_superuser boolean NOT NULL,
    username character varying(150) NOT NULL,
    first_name character varying(150) NOT NULL,
    last_name character varying(150) NOT NULL,
    email character varying(254) NOT NULL,
    is_staff boolean NOT NULL,
    is_active boolean NOT NULL,
    date_joined timestamp with time zone NOT NULL,
    rol character varying(20) NOT NULL
);


--
-- Name: usuarios_usuario_groups; Type: TABLE; Schema: public; Owner: -
--

CREATE TABLE public.usuarios_usuario_groups (
    id bigint NOT NULL,
    usuario_id bigint NOT NULL,
    group_id integer NOT NULL
);


--
-- Name: usuarios_usuario_groups_id_seq; Type: SEQUENCE; Schema: public; Owner: -
--

ALTER TABLE public.usuarios_usuario_groups ALTER COLUMN id ADD GENERATED BY DEFAULT AS IDENTITY (
    SEQUENCE NAME public.usuarios_usuario_groups_id_seq
    START WITH 1
    INCREMENT BY 1
    NO MINVALUE
    NO MAXVALUE
    CACHE 1
);


--
-- Name: usuarios_usuario_id_seq; Type: SEQUENCE; Schema: public; Owner: -
--

ALTER TABLE public.usuarios_usuario ALTER COLUMN id ADD GENERATED BY DEFAULT AS IDENTITY (
    SEQUENCE NAME public.usuarios_usuario_id_seq
    START WITH 1
    INCREMENT BY 1
    NO MINVALUE
    NO MAXVALUE
    CACHE 1
);


--
-- Name: usuarios_usuario_user_permissions; Type: TABLE; Schema: public; Owner: -
--

CREATE TABLE public.usuarios_usuario_user_permissions (
    id bigint NOT NULL,
    usuario_id bigint NOT NULL,
    permission_id integer NOT NULL
);


--
-- Name: usuarios_usuario_user_permissions_id_seq; Type: SEQUENCE; Schema: public; Owner: -
--

ALTER TABLE public.usuarios_usuario_user_permissions ALTER COLUMN id ADD GENERATED BY DEFAULT AS IDENTITY (
    SEQUENCE NAME public.usuarios_usuario_user_permissions_id_seq
    START WITH 1
    INCREMENT BY 1
    NO MINVALUE
    NO MAXVALUE
    CACHE 1
);


--
-- Data for Name: auth_group; Type: TABLE DATA; Schema: public; Owner: -
--

COPY public.auth_group (id, name) FROM stdin;
\.


--
-- Data for Name: auth_group_permissions; Type: TABLE DATA; Schema: public; Owner: -
--

COPY public.auth_group_permissions (id, group_id, permission_id) FROM stdin;
\.


--
-- Data for Name: auth_permission; Type: TABLE DATA; Schema: public; Owner: -
--

COPY public.auth_permission (id, name, content_type_id, codename) FROM stdin;
1	Can add log entry	1	add_logentry
2	Can change log entry	1	change_logentry
3	Can delete log entry	1	delete_logentry
4	Can view log entry	1	view_logentry
5	Can add permission	2	add_permission
6	Can change permission	2	change_permission
7	Can delete permission	2	delete_permission
8	Can view permission	2	view_permission
9	Can add group	3	add_group
10	Can change group	3	change_group
11	Can delete group	3	delete_group
12	Can view group	3	view_group
13	Can add content type	4	add_contenttype
14	Can change content type	4	change_contenttype
15	Can delete content type	4	delete_contenttype
16	Can view content type	4	view_contenttype
17	Can add session	5	add_session
18	Can change session	5	change_session
19	Can delete session	5	delete_session
20	Can view session	5	view_session
21	Can add task result	6	add_taskresult
22	Can change task result	6	change_taskresult
23	Can delete task result	6	delete_taskresult
24	Can view task result	6	view_taskresult
25	Can add chord counter	7	add_chordcounter
26	Can change chord counter	7	change_chordcounter
27	Can delete chord counter	7	delete_chordcounter
28	Can view chord counter	7	view_chordcounter
29	Can add group result	8	add_groupresult
30	Can change group result	8	change_groupresult
31	Can delete group result	8	delete_groupresult
32	Can view group result	8	view_groupresult
33	Can add crontab	9	add_crontabschedule
34	Can change crontab	9	change_crontabschedule
35	Can delete crontab	9	delete_crontabschedule
36	Can view crontab	9	view_crontabschedule
37	Can add interval	10	add_intervalschedule
38	Can change interval	10	change_intervalschedule
39	Can delete interval	10	delete_intervalschedule
40	Can view interval	10	view_intervalschedule
41	Can add periodic task	11	add_periodictask
42	Can change periodic task	11	change_periodictask
43	Can delete periodic task	11	delete_periodictask
44	Can view periodic task	11	view_periodictask
45	Can add periodic tasks	12	add_periodictasks
46	Can change periodic tasks	12	change_periodictasks
47	Can delete periodic tasks	12	delete_periodictasks
48	Can view periodic tasks	12	view_periodictasks
49	Can add solar event	13	add_solarschedule
50	Can change solar event	13	change_solarschedule
51	Can delete solar event	13	delete_solarschedule
52	Can view solar event	13	view_solarschedule
53	Can add clocked	14	add_clockedschedule
54	Can change clocked	14	change_clockedschedule
55	Can delete clocked	14	delete_clockedschedule
56	Can view clocked	14	view_clockedschedule
57	Can add paciente	15	add_paciente
58	Can change paciente	15	change_paciente
59	Can delete paciente	15	delete_paciente
60	Can view paciente	15	view_paciente
61	Can add ficha clinica	16	add_fichaclinica
62	Can change ficha clinica	16	change_fichaclinica
63	Can delete ficha clinica	16	delete_fichaclinica
64	Can view ficha clinica	16	view_fichaclinica
65	Can add Uso de producto en ficha	17	add_usoproductoenficha
66	Can change Uso de producto en ficha	17	change_usoproductoenficha
67	Can delete Uso de producto en ficha	17	delete_usoproductoenficha
68	Can view Uso de producto en ficha	17	view_usoproductoenficha
69	Can add cita	18	add_cita
70	Can change cita	18	change_cita
71	Can delete cita	18	delete_cita
72	Can view cita	18	view_cita
73	Can add tratamiento	19	add_tratamiento
74	Can change tratamiento	19	change_tratamiento
75	Can delete tratamiento	19	delete_tratamiento
76	Can view tratamiento	19	view_tratamiento
77	Can add insumo	20	add_insumo
78	Can change insumo	20	change_insumo
79	Can delete insumo	20	delete_insumo
80	Can view insumo	20	view_insumo
81	Can add movimiento insumo	21	add_movimientoinsumo
82	Can change movimiento insumo	21	change_movimientoinsumo
83	Can delete movimiento insumo	21	delete_movimientoinsumo
84	Can view movimiento insumo	21	view_movimientoinsumo
85	Can add user	22	add_usuario
86	Can change user	22	change_usuario
87	Can delete user	22	delete_usuario
88	Can view user	22	view_usuario
\.


--
-- Data for Name: citas_cita; Type: TABLE DATA; Schema: public; Owner: -
--

COPY public.citas_cita (id, fecha, hora, estado, fecha_creacion, recordatorio_enviado, paciente_id, tratamiento_id, tipo_cita, duracion_extendida, duracion_cita) FROM stdin;
1	2025-05-31	20:00:00	reservada	2025-05-31 23:11:42.55874+00	f	1	1	podologia	f	60
2	2025-05-31	19:00:00	reservada	2025-05-31 23:18:19.401347+00	f	2	2	podologia	f	60
3	2025-06-05	08:00:00	reservada	2025-05-31 23:35:01.504601+00	f	3	3	podologia	f	60
4	2025-05-31	15:00:00	reservada	2025-05-31 23:41:38.529429+00	f	3	3	podologia	f	60
7	2025-06-05	08:00:00	reservada	2025-06-01 22:05:33.732786+00	f	1	2	manicura	f	60
\.


--
-- Data for Name: citas_tratamiento; Type: TABLE DATA; Schema: public; Owner: -
--

COPY public.citas_tratamiento (id, nombre, descripcion, duracion_minutos, precio) FROM stdin;
1	hongos	Uñas con hongos (Onicomicosis)	60	0.00
2	manicura	Manicura	60	0.00
3	encarnada	Uña encarnada (Onicocriptosis)	60	0.00
4	general	Podología general	60	0.00
\.


--
-- Data for Name: django_admin_log; Type: TABLE DATA; Schema: public; Owner: -
--

COPY public.django_admin_log (id, action_time, object_id, object_repr, action_flag, change_message, content_type_id, user_id) FROM stdin;
\.


--
-- Data for Name: django_celery_beat_clockedschedule; Type: TABLE DATA; Schema: public; Owner: -
--

COPY public.django_celery_beat_clockedschedule (id, clocked_time) FROM stdin;
\.


--
-- Data for Name: django_celery_beat_crontabschedule; Type: TABLE DATA; Schema: public; Owner: -
--

COPY public.django_celery_beat_crontabschedule (id, minute, hour, day_of_week, day_of_month, month_of_year, timezone) FROM stdin;
\.


--
-- Data for Name: django_celery_beat_intervalschedule; Type: TABLE DATA; Schema: public; Owner: -
--

COPY public.django_celery_beat_intervalschedule (id, every, period) FROM stdin;
\.


--
-- Data for Name: django_celery_beat_periodictask; Type: TABLE DATA; Schema: public; Owner: -
--

COPY public.django_celery_beat_periodictask (id, name, task, args, kwargs, queue, exchange, routing_key, expires, enabled, last_run_at, total_run_count, date_changed, description, crontab_id, interval_id, solar_id, one_off, start_time, priority, headers, clocked_id, expire_seconds) FROM stdin;
\.


--
-- Data for Name: django_celery_beat_periodictasks; Type: TABLE DATA; Schema: public; Owner: -
--

COPY public.django_celery_beat_periodictasks (ident, last_update) FROM stdin;
\.


--
-- Data for Name: django_celery_beat_solarschedule; Type: TABLE DATA; Schema: public; Owner: -
--

COPY public.django_celery_beat_solarschedule (id, event, latitude, longitude) FROM stdin;
\.


--
-- Data for Name: django_celery_results_chordcounter; Type: TABLE DATA; Schema: public; Owner: -
--

COPY public.django_celery_results_chordcounter (id, group_id, sub_tasks, count) FROM stdin;
\.


--
-- Data for Name: django_celery_results_groupresult; Type: TABLE DATA; Schema: public; Owner: -
--

COPY public.django_celery_results_groupresult (id, group_id, date_created, date_done, content_type, content_encoding, result) FROM stdin;
\.


--
-- Data for Name: django_celery_results_taskresult; Type: TABLE DATA; Schema: public; Owner: -
--

COPY public.django_celery_results_taskresult (id, task_id, status, content_type, content_encoding, result, date_done, traceback, meta, task_args, task_kwargs, task_name, worker, date_created, periodic_task_name) FROM stdin;
\.


--
-- Data for Name: django_content_type; Type: TABLE DATA; Schema: public; Owner: -
--

COPY public.django_content_type (id, app_label, model) FROM stdin;
1	admin	logentry
2	auth	permission
3	auth	group
4	contenttypes	contenttype
5	sessions	session
6	django_celery_results	taskresult
7	django_celery_results	chordcounter
8	django_celery_results	groupresult
9	django_celery_beat	crontabschedule
10	django_celery_beat	intervalschedule
11	django_celery_beat	periodictask
12	django_celery_beat	periodictasks
13	django_celery_beat	solarschedule
14	django_celery_beat	clockedschedule
15	pacientes	paciente
16	pacientes	fichaclinica
17	pacientes	usoproductoenficha
18	citas	cita
19	citas	tratamiento
20	insumos	insumo
21	insumos	movimientoinsumo
22	usuarios	usuario
\.


--
-- Data for Name: django_migrations; Type: TABLE DATA; Schema: public; Owner: -
--

COPY public.django_migrations (id, app, name, applied) FROM stdin;
1	contenttypes	0001_initial	2025-05-31 22:57:26.551058+00
2	contenttypes	0002_remove_content_type_name	2025-05-31 22:57:26.563443+00
3	auth	0001_initial	2025-05-31 22:57:26.678921+00
4	auth	0002_alter_permission_name_max_length	2025-05-31 22:57:26.688121+00
5	auth	0003_alter_user_email_max_length	2025-05-31 22:57:26.698544+00
6	auth	0004_alter_user_username_opts	2025-05-31 22:57:26.708352+00
7	auth	0005_alter_user_last_login_null	2025-05-31 22:57:26.718327+00
8	auth	0006_require_contenttypes_0002	2025-05-31 22:57:26.72402+00
9	auth	0007_alter_validators_add_error_messages	2025-05-31 22:57:26.733937+00
10	auth	0008_alter_user_username_max_length	2025-05-31 22:57:26.743472+00
11	auth	0009_alter_user_last_name_max_length	2025-05-31 22:57:26.754203+00
12	auth	0010_alter_group_name_max_length	2025-05-31 22:57:26.764843+00
13	auth	0011_update_proxy_permissions	2025-05-31 22:57:26.774495+00
14	auth	0012_alter_user_first_name_max_length	2025-05-31 22:57:26.7851+00
15	usuarios	0001_initial	2025-05-31 22:57:26.913315+00
16	admin	0001_initial	2025-05-31 22:57:26.967268+00
17	admin	0002_logentry_remove_auto_add	2025-05-31 22:57:26.978627+00
18	admin	0003_logentry_add_action_flag_choices	2025-05-31 22:57:26.990536+00
19	citas	0001_initial	2025-05-31 22:57:27.02404+00
20	pacientes	0001_initial	2025-05-31 22:57:27.10195+00
21	citas	0002_initial	2025-05-31 22:57:27.146785+00
22	citas	0003_alter_tratamiento_duracion_minutos	2025-05-31 22:57:27.155443+00
23	citas	0004_cita_tipo_cita_alter_tratamiento_nombre	2025-05-31 22:57:27.171175+00
24	citas	0005_alter_tratamiento_nombre	2025-05-31 22:57:27.181552+00
25	citas	0006_cita_duracion_extendida	2025-05-31 22:57:27.193699+00
26	citas	0007_cita_duracion_cita	2025-05-31 22:57:27.206591+00
27	django_celery_beat	0001_initial	2025-05-31 22:57:27.298249+00
28	django_celery_beat	0002_auto_20161118_0346	2025-05-31 22:57:27.340625+00
29	django_celery_beat	0003_auto_20161209_0049	2025-05-31 22:57:27.36223+00
30	django_celery_beat	0004_auto_20170221_0000	2025-05-31 22:57:27.373018+00
31	django_celery_beat	0005_add_solarschedule_events_choices	2025-05-31 22:57:27.382236+00
32	django_celery_beat	0006_auto_20180322_0932	2025-05-31 22:57:27.484675+00
33	django_celery_beat	0007_auto_20180521_0826	2025-05-31 22:57:27.518766+00
34	django_celery_beat	0008_auto_20180914_1922	2025-05-31 22:57:27.567335+00
35	django_celery_beat	0006_auto_20180210_1226	2025-05-31 22:57:27.595628+00
36	django_celery_beat	0006_periodictask_priority	2025-05-31 22:57:27.614676+00
37	django_celery_beat	0009_periodictask_headers	2025-05-31 22:57:27.631411+00
38	django_celery_beat	0010_auto_20190429_0326	2025-05-31 22:57:27.876173+00
39	django_celery_beat	0011_auto_20190508_0153	2025-05-31 22:57:27.90833+00
40	django_celery_beat	0012_periodictask_expire_seconds	2025-05-31 22:57:27.923712+00
41	django_celery_beat	0013_auto_20200609_0727	2025-05-31 22:57:28.001521+00
42	django_celery_beat	0014_remove_clockedschedule_enabled	2025-05-31 22:57:28.01199+00
43	django_celery_beat	0015_edit_solarschedule_events_choices	2025-05-31 22:57:28.026298+00
44	django_celery_beat	0016_alter_crontabschedule_timezone	2025-05-31 22:57:28.043155+00
45	django_celery_beat	0017_alter_crontabschedule_month_of_year	2025-05-31 22:57:28.102934+00
46	django_celery_beat	0018_improve_crontab_helptext	2025-05-31 22:57:28.117666+00
47	django_celery_results	0001_initial	2025-05-31 22:57:28.181245+00
48	django_celery_results	0002_add_task_name_args_kwargs	2025-05-31 22:57:28.196499+00
49	django_celery_results	0003_auto_20181106_1101	2025-05-31 22:57:28.205392+00
50	django_celery_results	0004_auto_20190516_0412	2025-05-31 22:57:28.285175+00
51	django_celery_results	0005_taskresult_worker	2025-05-31 22:57:28.311327+00
52	django_celery_results	0006_taskresult_date_created	2025-05-31 22:57:28.360707+00
53	django_celery_results	0007_remove_taskresult_hidden	2025-05-31 22:57:28.37014+00
54	django_celery_results	0008_chordcounter	2025-05-31 22:57:28.413113+00
55	django_celery_results	0009_groupresult	2025-05-31 22:57:28.707133+00
56	django_celery_results	0010_remove_duplicate_indices	2025-05-31 22:57:28.722444+00
57	django_celery_results	0011_taskresult_periodic_task_name	2025-05-31 22:57:28.733352+00
58	insumos	0001_initial	2025-05-31 22:57:28.820945+00
59	insumos	0002_alter_movimientoinsumo_usuario	2025-05-31 22:57:28.844794+00
60	insumos	0003_insumo_fecha_vencimiento_insumo_valor_unitario	2025-05-31 22:57:28.862973+00
61	pacientes	0002_paciente_direccion_paciente_fecha_nacimiento	2025-05-31 22:57:28.882072+00
62	pacientes	0003_usoproductoenficha	2025-05-31 22:57:28.945336+00
63	pacientes	0004_fichaclinica_costo_total	2025-05-31 22:57:28.963199+00
64	sessions	0001_initial	2025-05-31 22:57:29.023048+00
65	citas	0008_update_unique_constraint	2025-06-01 19:18:16.680496+00
66	citas	0009_fix_unique_constraint	2025-06-01 19:18:16.757201+00
\.


--
-- Data for Name: django_session; Type: TABLE DATA; Schema: public; Owner: -
--

COPY public.django_session (session_key, session_data, expire_date) FROM stdin;
\.


--
-- Data for Name: insumos_insumo; Type: TABLE DATA; Schema: public; Owner: -
--

COPY public.insumos_insumo (id, nombre, descripcion, unidad_medida, stock_actual, stock_critico, ultima_actualizacion, fecha_vencimiento, valor_unitario) FROM stdin;
2	Alcohol	Alcohol 95%	Aplicacion	97	100	2025-06-01 00:26:11.688269+00	2025-12-25	40
1	Guante Nitrilo Azul	Guantes de Nitrilo Azul Caja de 100 unidades	Par	145	50	2025-06-01 00:45:49.429285+00	2999-09-09	300
3	Toallita Isoprol	Toallita con alcohol	Sachet	474	100	2025-06-01 00:45:49.434934+00	2027-12-31	19
6	Gasa adhesiva 10Cm x 10MTS	Pharmafix gasa adhesiva	Rollo	396	200	2025-06-01 00:45:49.4394+00	2999-12-30	30
5	Microaplicador	Aplicador de cauterizador	Unidad	188	100	2025-06-01 00:45:49.44372+00	2999-12-30	20
7	Sabanilla clinica	Rollo papel para camilla	Rollo	718	160	2025-06-01 00:45:49.447937+00	2999-12-31	34
4	Emostatic	Cauterizador coagulante 10 ML	Aplicacion	88	80	2025-06-01 00:45:49.45217+00	2026-10-10	215
10	Cemento quirurgico	Cemento quirurgico	Aplicaciones	118	100	2025-06-01 00:45:49.457755+00	2027-04-30	150
8	Mascarillas facial		Unidad	149	50	2025-06-01 00:45:49.466812+00	2999-12-30	20
9	Lidocaina spray	Anestesia en spray	Aplicacion	29	60	2025-06-01 01:04:07.458229+00	2025-06-30	200
\.


--
-- Data for Name: insumos_movimientoinsumo; Type: TABLE DATA; Schema: public; Owner: -
--

COPY public.insumos_movimientoinsumo (id, cantidad, tipo_movimiento, motivo, fecha_movimiento, insumo_id, usuario_id) FROM stdin;
1	1	salida	Uso en ficha clínica #1	2025-05-31 23:14:40.258596+00	1	1
2	1	salida	Uso en ficha clínica #2	2025-05-31 23:48:30.030646+00	1	1
3	1	salida	Uso en ficha clínica #2	2025-05-31 23:48:30.04082+00	2	1
4	1	salida	Uso en ficha clínica #2	2025-05-31 23:52:02.710407+00	1	1
5	1	salida	Uso en ficha clínica #2	2025-05-31 23:52:02.718119+00	2	1
6	2	salida	Uso en ficha clínica #2	2025-05-31 23:52:02.723063+00	3	1
7	1	salida	Uso en ficha clínica #2	2025-06-01 00:22:05.727558+00	1	1
8	1	salida	Uso en ficha clínica #2	2025-06-01 00:22:05.736504+00	2	1
9	2	salida	Uso en ficha clínica #2	2025-06-01 00:22:05.740897+00	3	1
10	4	salida	Uso en ficha clínica #2	2025-06-01 00:22:05.744898+00	3	1
11	2	salida	Uso en ficha clínica #2	2025-06-01 00:22:05.749327+00	6	1
12	6	salida	Uso en ficha clínica #2	2025-06-01 00:22:05.753648+00	5	1
13	1	salida	Uso en ficha clínica #2	2025-06-01 00:22:05.758458+00	7	1
14	6	salida	Uso en ficha clínica #2	2025-06-01 00:22:05.762681+00	4	1
15	1	salida	Uso en ficha clínica #2	2025-06-01 00:45:49.425265+00	1	1
16	2	salida	Uso en ficha clínica #2	2025-06-01 00:45:49.434147+00	3	1
17	2	salida	Uso en ficha clínica #2	2025-06-01 00:45:49.438573+00	6	1
18	6	salida	Uso en ficha clínica #2	2025-06-01 00:45:49.442928+00	5	1
19	1	salida	Uso en ficha clínica #2	2025-06-01 00:45:49.447016+00	7	1
20	6	salida	Uso en ficha clínica #2	2025-06-01 00:45:49.451424+00	4	1
21	2	salida	Uso en ficha clínica #2	2025-06-01 00:45:49.456804+00	10	1
22	1	salida	Uso en ficha clínica #2	2025-06-01 00:45:49.461402+00	9	1
23	1	salida	Uso en ficha clínica #2	2025-06-01 00:45:49.465778+00	8	1
\.


--
-- Data for Name: pacientes_fichaclinica; Type: TABLE DATA; Schema: public; Owner: -
--

COPY public.pacientes_fichaclinica (id, fecha, descripcion_atencion, procedimiento, indicaciones, proxima_sesion_estimada, cita_id, paciente_id, costo_total) FROM stdin;
2	2025-05-31	Control de Onicocriptosis	Retiro de cemento quirurgico, se observa exsudacion maseracion y material purulento	Aplicar NP27  2 veces al dia, realizar revision y hacer presion en laminas dañadas, se recomendo tomar amoxicilina	\N	\N	3	2362
1	2025-05-31	Onicomicosis	Limpieza	NP27	\N	\N	1	300
\.


--
-- Data for Name: pacientes_paciente; Type: TABLE DATA; Schema: public; Owner: -
--

COPY public.pacientes_paciente (id, rut, nombre, telefono, correo, enfermedad_base, contacto_emergencia, caso_clinico, fecha_registro, direccion, fecha_nacimiento) FROM stdin;
1	13.214.488-5	Pablo Urra Alvarez	+56944499976	pablo.urra@hotamil.com	Onicomicosis	+56996497056	Limpieza por Onicomicosis	2025-05-31 23:08:32.699286+00	Caracoles 122	1977-08-29
2	16.287.649-K	Katherine Vasquez Valdivia	+56996497056	agro.kathy@gmail.com	No Aplica	+56944499976	No Aplica	2025-05-31 23:17:29.045087+00	Av. Santa Cruz 490 Casa 52, La Cruz	1985-10-28
3	20.796.485-9	Cristian Perez	+56995973869	perezrojocristian@gmail.com	Sano	+56982034599	Onicocriptosis severa recurrente	2025-05-31 23:33:58.279415+00	12 de Octubre 975, Quillota	2002-03-29
\.


--
-- Data for Name: pacientes_usoproductoenficha; Type: TABLE DATA; Schema: public; Owner: -
--

COPY public.pacientes_usoproductoenficha (id, cantidad, fecha_uso, ficha_id, insumo_id) FROM stdin;
1	1	2025-05-31 23:14:40.230658+00	1	1
15	1	2025-06-01 00:45:49.422354+00	2	1
16	2	2025-06-01 00:45:49.433256+00	2	3
17	2	2025-06-01 00:45:49.437592+00	2	6
18	6	2025-06-01 00:45:49.442003+00	2	5
19	1	2025-06-01 00:45:49.446067+00	2	7
20	6	2025-06-01 00:45:49.450486+00	2	4
21	2	2025-06-01 00:45:49.454771+00	2	10
22	1	2025-06-01 00:45:49.460359+00	2	9
23	1	2025-06-01 00:45:49.464854+00	2	8
\.


--
-- Data for Name: usuarios_usuario; Type: TABLE DATA; Schema: public; Owner: -
--

COPY public.usuarios_usuario (id, password, last_login, is_superuser, username, first_name, last_name, email, is_staff, is_active, date_joined, rol) FROM stdin;
1	pbkdf2_sha256$600000$eaAc43KXuDwaXN2ULC4GvY$VEAzuIkPYlihiOIT6ZXTzPDMEoVrJQCPJ8oqVJJGGtM=	\N	t	admin			admin@example.com	t	t	2025-05-31 22:57:32.496425+00	profesional
\.


--
-- Data for Name: usuarios_usuario_groups; Type: TABLE DATA; Schema: public; Owner: -
--

COPY public.usuarios_usuario_groups (id, usuario_id, group_id) FROM stdin;
\.


--
-- Data for Name: usuarios_usuario_user_permissions; Type: TABLE DATA; Schema: public; Owner: -
--

COPY public.usuarios_usuario_user_permissions (id, usuario_id, permission_id) FROM stdin;
\.


--
-- Name: auth_group_id_seq; Type: SEQUENCE SET; Schema: public; Owner: -
--

SELECT pg_catalog.setval('public.auth_group_id_seq', 1, false);


--
-- Name: auth_group_permissions_id_seq; Type: SEQUENCE SET; Schema: public; Owner: -
--

SELECT pg_catalog.setval('public.auth_group_permissions_id_seq', 1, false);


--
-- Name: auth_permission_id_seq; Type: SEQUENCE SET; Schema: public; Owner: -
--

SELECT pg_catalog.setval('public.auth_permission_id_seq', 88, true);


--
-- Name: citas_cita_id_seq; Type: SEQUENCE SET; Schema: public; Owner: -
--

SELECT pg_catalog.setval('public.citas_cita_id_seq', 39, true);


--
-- Name: citas_tratamiento_id_seq; Type: SEQUENCE SET; Schema: public; Owner: -
--

SELECT pg_catalog.setval('public.citas_tratamiento_id_seq', 4, true);


--
-- Name: django_admin_log_id_seq; Type: SEQUENCE SET; Schema: public; Owner: -
--

SELECT pg_catalog.setval('public.django_admin_log_id_seq', 1, false);


--
-- Name: django_celery_beat_clockedschedule_id_seq; Type: SEQUENCE SET; Schema: public; Owner: -
--

SELECT pg_catalog.setval('public.django_celery_beat_clockedschedule_id_seq', 1, false);


--
-- Name: django_celery_beat_crontabschedule_id_seq; Type: SEQUENCE SET; Schema: public; Owner: -
--

SELECT pg_catalog.setval('public.django_celery_beat_crontabschedule_id_seq', 1, false);


--
-- Name: django_celery_beat_intervalschedule_id_seq; Type: SEQUENCE SET; Schema: public; Owner: -
--

SELECT pg_catalog.setval('public.django_celery_beat_intervalschedule_id_seq', 1, false);


--
-- Name: django_celery_beat_periodictask_id_seq; Type: SEQUENCE SET; Schema: public; Owner: -
--

SELECT pg_catalog.setval('public.django_celery_beat_periodictask_id_seq', 1, false);


--
-- Name: django_celery_beat_solarschedule_id_seq; Type: SEQUENCE SET; Schema: public; Owner: -
--

SELECT pg_catalog.setval('public.django_celery_beat_solarschedule_id_seq', 1, false);


--
-- Name: django_celery_results_chordcounter_id_seq; Type: SEQUENCE SET; Schema: public; Owner: -
--

SELECT pg_catalog.setval('public.django_celery_results_chordcounter_id_seq', 1, false);


--
-- Name: django_celery_results_groupresult_id_seq; Type: SEQUENCE SET; Schema: public; Owner: -
--

SELECT pg_catalog.setval('public.django_celery_results_groupresult_id_seq', 1, false);


--
-- Name: django_celery_results_taskresult_id_seq; Type: SEQUENCE SET; Schema: public; Owner: -
--

SELECT pg_catalog.setval('public.django_celery_results_taskresult_id_seq', 1, false);


--
-- Name: django_content_type_id_seq; Type: SEQUENCE SET; Schema: public; Owner: -
--

SELECT pg_catalog.setval('public.django_content_type_id_seq', 22, true);


--
-- Name: django_migrations_id_seq; Type: SEQUENCE SET; Schema: public; Owner: -
--

SELECT pg_catalog.setval('public.django_migrations_id_seq', 66, true);


--
-- Name: insumos_insumo_id_seq; Type: SEQUENCE SET; Schema: public; Owner: -
--

SELECT pg_catalog.setval('public.insumos_insumo_id_seq', 10, true);


--
-- Name: insumos_movimientoinsumo_id_seq; Type: SEQUENCE SET; Schema: public; Owner: -
--

SELECT pg_catalog.setval('public.insumos_movimientoinsumo_id_seq', 23, true);


--
-- Name: pacientes_fichaclinica_id_seq; Type: SEQUENCE SET; Schema: public; Owner: -
--

SELECT pg_catalog.setval('public.pacientes_fichaclinica_id_seq', 2, true);


--
-- Name: pacientes_paciente_id_seq; Type: SEQUENCE SET; Schema: public; Owner: -
--

SELECT pg_catalog.setval('public.pacientes_paciente_id_seq', 4, true);


--
-- Name: pacientes_usoproductoenficha_id_seq; Type: SEQUENCE SET; Schema: public; Owner: -
--

SELECT pg_catalog.setval('public.pacientes_usoproductoenficha_id_seq', 23, true);


--
-- Name: usuarios_usuario_groups_id_seq; Type: SEQUENCE SET; Schema: public; Owner: -
--

SELECT pg_catalog.setval('public.usuarios_usuario_groups_id_seq', 1, false);


--
-- Name: usuarios_usuario_id_seq; Type: SEQUENCE SET; Schema: public; Owner: -
--

SELECT pg_catalog.setval('public.usuarios_usuario_id_seq', 1, true);


--
-- Name: usuarios_usuario_user_permissions_id_seq; Type: SEQUENCE SET; Schema: public; Owner: -
--

SELECT pg_catalog.setval('public.usuarios_usuario_user_permissions_id_seq', 1, false);


--
-- Name: auth_group auth_group_name_key; Type: CONSTRAINT; Schema: public; Owner: -
--

ALTER TABLE ONLY public.auth_group
    ADD CONSTRAINT auth_group_name_key UNIQUE (name);


--
-- Name: auth_group_permissions auth_group_permissions_group_id_permission_id_0cd325b0_uniq; Type: CONSTRAINT; Schema: public; Owner: -
--

ALTER TABLE ONLY public.auth_group_permissions
    ADD CONSTRAINT auth_group_permissions_group_id_permission_id_0cd325b0_uniq UNIQUE (group_id, permission_id);


--
-- Name: auth_group_permissions auth_group_permissions_pkey; Type: CONSTRAINT; Schema: public; Owner: -
--

ALTER TABLE ONLY public.auth_group_permissions
    ADD CONSTRAINT auth_group_permissions_pkey PRIMARY KEY (id);


--
-- Name: auth_group auth_group_pkey; Type: CONSTRAINT; Schema: public; Owner: -
--

ALTER TABLE ONLY public.auth_group
    ADD CONSTRAINT auth_group_pkey PRIMARY KEY (id);


--
-- Name: auth_permission auth_permission_content_type_id_codename_01ab375a_uniq; Type: CONSTRAINT; Schema: public; Owner: -
--

ALTER TABLE ONLY public.auth_permission
    ADD CONSTRAINT auth_permission_content_type_id_codename_01ab375a_uniq UNIQUE (content_type_id, codename);


--
-- Name: auth_permission auth_permission_pkey; Type: CONSTRAINT; Schema: public; Owner: -
--

ALTER TABLE ONLY public.auth_permission
    ADD CONSTRAINT auth_permission_pkey PRIMARY KEY (id);


--
-- Name: citas_cita citas_cita_fecha_hora_tipo_cita_b9804aec_uniq; Type: CONSTRAINT; Schema: public; Owner: -
--

ALTER TABLE ONLY public.citas_cita
    ADD CONSTRAINT citas_cita_fecha_hora_tipo_cita_b9804aec_uniq UNIQUE (fecha, hora, tipo_cita);


--
-- Name: citas_cita citas_cita_pkey; Type: CONSTRAINT; Schema: public; Owner: -
--

ALTER TABLE ONLY public.citas_cita
    ADD CONSTRAINT citas_cita_pkey PRIMARY KEY (id);


--
-- Name: citas_tratamiento citas_tratamiento_pkey; Type: CONSTRAINT; Schema: public; Owner: -
--

ALTER TABLE ONLY public.citas_tratamiento
    ADD CONSTRAINT citas_tratamiento_pkey PRIMARY KEY (id);


--
-- Name: django_admin_log django_admin_log_pkey; Type: CONSTRAINT; Schema: public; Owner: -
--

ALTER TABLE ONLY public.django_admin_log
    ADD CONSTRAINT django_admin_log_pkey PRIMARY KEY (id);


--
-- Name: django_celery_beat_clockedschedule django_celery_beat_clockedschedule_pkey; Type: CONSTRAINT; Schema: public; Owner: -
--

ALTER TABLE ONLY public.django_celery_beat_clockedschedule
    ADD CONSTRAINT django_celery_beat_clockedschedule_pkey PRIMARY KEY (id);


--
-- Name: django_celery_beat_crontabschedule django_celery_beat_crontabschedule_pkey; Type: CONSTRAINT; Schema: public; Owner: -
--

ALTER TABLE ONLY public.django_celery_beat_crontabschedule
    ADD CONSTRAINT django_celery_beat_crontabschedule_pkey PRIMARY KEY (id);


--
-- Name: django_celery_beat_intervalschedule django_celery_beat_intervalschedule_pkey; Type: CONSTRAINT; Schema: public; Owner: -
--

ALTER TABLE ONLY public.django_celery_beat_intervalschedule
    ADD CONSTRAINT django_celery_beat_intervalschedule_pkey PRIMARY KEY (id);


--
-- Name: django_celery_beat_periodictask django_celery_beat_periodictask_name_key; Type: CONSTRAINT; Schema: public; Owner: -
--

ALTER TABLE ONLY public.django_celery_beat_periodictask
    ADD CONSTRAINT django_celery_beat_periodictask_name_key UNIQUE (name);


--
-- Name: django_celery_beat_periodictask django_celery_beat_periodictask_pkey; Type: CONSTRAINT; Schema: public; Owner: -
--

ALTER TABLE ONLY public.django_celery_beat_periodictask
    ADD CONSTRAINT django_celery_beat_periodictask_pkey PRIMARY KEY (id);


--
-- Name: django_celery_beat_periodictasks django_celery_beat_periodictasks_pkey; Type: CONSTRAINT; Schema: public; Owner: -
--

ALTER TABLE ONLY public.django_celery_beat_periodictasks
    ADD CONSTRAINT django_celery_beat_periodictasks_pkey PRIMARY KEY (ident);


--
-- Name: django_celery_beat_solarschedule django_celery_beat_solar_event_latitude_longitude_ba64999a_uniq; Type: CONSTRAINT; Schema: public; Owner: -
--

ALTER TABLE ONLY public.django_celery_beat_solarschedule
    ADD CONSTRAINT django_celery_beat_solar_event_latitude_longitude_ba64999a_uniq UNIQUE (event, latitude, longitude);


--
-- Name: django_celery_beat_solarschedule django_celery_beat_solarschedule_pkey; Type: CONSTRAINT; Schema: public; Owner: -
--

ALTER TABLE ONLY public.django_celery_beat_solarschedule
    ADD CONSTRAINT django_celery_beat_solarschedule_pkey PRIMARY KEY (id);


--
-- Name: django_celery_results_chordcounter django_celery_results_chordcounter_group_id_key; Type: CONSTRAINT; Schema: public; Owner: -
--

ALTER TABLE ONLY public.django_celery_results_chordcounter
    ADD CONSTRAINT django_celery_results_chordcounter_group_id_key UNIQUE (group_id);


--
-- Name: django_celery_results_chordcounter django_celery_results_chordcounter_pkey; Type: CONSTRAINT; Schema: public; Owner: -
--

ALTER TABLE ONLY public.django_celery_results_chordcounter
    ADD CONSTRAINT django_celery_results_chordcounter_pkey PRIMARY KEY (id);


--
-- Name: django_celery_results_groupresult django_celery_results_groupresult_group_id_key; Type: CONSTRAINT; Schema: public; Owner: -
--

ALTER TABLE ONLY public.django_celery_results_groupresult
    ADD CONSTRAINT django_celery_results_groupresult_group_id_key UNIQUE (group_id);


--
-- Name: django_celery_results_groupresult django_celery_results_groupresult_pkey; Type: CONSTRAINT; Schema: public; Owner: -
--

ALTER TABLE ONLY public.django_celery_results_groupresult
    ADD CONSTRAINT django_celery_results_groupresult_pkey PRIMARY KEY (id);


--
-- Name: django_celery_results_taskresult django_celery_results_taskresult_pkey; Type: CONSTRAINT; Schema: public; Owner: -
--

ALTER TABLE ONLY public.django_celery_results_taskresult
    ADD CONSTRAINT django_celery_results_taskresult_pkey PRIMARY KEY (id);


--
-- Name: django_celery_results_taskresult django_celery_results_taskresult_task_id_key; Type: CONSTRAINT; Schema: public; Owner: -
--

ALTER TABLE ONLY public.django_celery_results_taskresult
    ADD CONSTRAINT django_celery_results_taskresult_task_id_key UNIQUE (task_id);


--
-- Name: django_content_type django_content_type_app_label_model_76bd3d3b_uniq; Type: CONSTRAINT; Schema: public; Owner: -
--

ALTER TABLE ONLY public.django_content_type
    ADD CONSTRAINT django_content_type_app_label_model_76bd3d3b_uniq UNIQUE (app_label, model);


--
-- Name: django_content_type django_content_type_pkey; Type: CONSTRAINT; Schema: public; Owner: -
--

ALTER TABLE ONLY public.django_content_type
    ADD CONSTRAINT django_content_type_pkey PRIMARY KEY (id);


--
-- Name: django_migrations django_migrations_pkey; Type: CONSTRAINT; Schema: public; Owner: -
--

ALTER TABLE ONLY public.django_migrations
    ADD CONSTRAINT django_migrations_pkey PRIMARY KEY (id);


--
-- Name: django_session django_session_pkey; Type: CONSTRAINT; Schema: public; Owner: -
--

ALTER TABLE ONLY public.django_session
    ADD CONSTRAINT django_session_pkey PRIMARY KEY (session_key);


--
-- Name: insumos_insumo insumos_insumo_pkey; Type: CONSTRAINT; Schema: public; Owner: -
--

ALTER TABLE ONLY public.insumos_insumo
    ADD CONSTRAINT insumos_insumo_pkey PRIMARY KEY (id);


--
-- Name: insumos_movimientoinsumo insumos_movimientoinsumo_pkey; Type: CONSTRAINT; Schema: public; Owner: -
--

ALTER TABLE ONLY public.insumos_movimientoinsumo
    ADD CONSTRAINT insumos_movimientoinsumo_pkey PRIMARY KEY (id);


--
-- Name: pacientes_fichaclinica pacientes_fichaclinica_cita_id_key; Type: CONSTRAINT; Schema: public; Owner: -
--

ALTER TABLE ONLY public.pacientes_fichaclinica
    ADD CONSTRAINT pacientes_fichaclinica_cita_id_key UNIQUE (cita_id);


--
-- Name: pacientes_fichaclinica pacientes_fichaclinica_pkey; Type: CONSTRAINT; Schema: public; Owner: -
--

ALTER TABLE ONLY public.pacientes_fichaclinica
    ADD CONSTRAINT pacientes_fichaclinica_pkey PRIMARY KEY (id);


--
-- Name: pacientes_paciente pacientes_paciente_pkey; Type: CONSTRAINT; Schema: public; Owner: -
--

ALTER TABLE ONLY public.pacientes_paciente
    ADD CONSTRAINT pacientes_paciente_pkey PRIMARY KEY (id);


--
-- Name: pacientes_paciente pacientes_paciente_rut_key; Type: CONSTRAINT; Schema: public; Owner: -
--

ALTER TABLE ONLY public.pacientes_paciente
    ADD CONSTRAINT pacientes_paciente_rut_key UNIQUE (rut);


--
-- Name: pacientes_usoproductoenficha pacientes_usoproductoenficha_pkey; Type: CONSTRAINT; Schema: public; Owner: -
--

ALTER TABLE ONLY public.pacientes_usoproductoenficha
    ADD CONSTRAINT pacientes_usoproductoenficha_pkey PRIMARY KEY (id);


--
-- Name: usuarios_usuario_groups usuarios_usuario_groups_pkey; Type: CONSTRAINT; Schema: public; Owner: -
--

ALTER TABLE ONLY public.usuarios_usuario_groups
    ADD CONSTRAINT usuarios_usuario_groups_pkey PRIMARY KEY (id);


--
-- Name: usuarios_usuario_groups usuarios_usuario_groups_usuario_id_group_id_4ed5b09e_uniq; Type: CONSTRAINT; Schema: public; Owner: -
--

ALTER TABLE ONLY public.usuarios_usuario_groups
    ADD CONSTRAINT usuarios_usuario_groups_usuario_id_group_id_4ed5b09e_uniq UNIQUE (usuario_id, group_id);


--
-- Name: usuarios_usuario usuarios_usuario_pkey; Type: CONSTRAINT; Schema: public; Owner: -
--

ALTER TABLE ONLY public.usuarios_usuario
    ADD CONSTRAINT usuarios_usuario_pkey PRIMARY KEY (id);


--
-- Name: usuarios_usuario_user_permissions usuarios_usuario_user_pe_usuario_id_permission_id_217cadcd_uniq; Type: CONSTRAINT; Schema: public; Owner: -
--

ALTER TABLE ONLY public.usuarios_usuario_user_permissions
    ADD CONSTRAINT usuarios_usuario_user_pe_usuario_id_permission_id_217cadcd_uniq UNIQUE (usuario_id, permission_id);


--
-- Name: usuarios_usuario_user_permissions usuarios_usuario_user_permissions_pkey; Type: CONSTRAINT; Schema: public; Owner: -
--

ALTER TABLE ONLY public.usuarios_usuario_user_permissions
    ADD CONSTRAINT usuarios_usuario_user_permissions_pkey PRIMARY KEY (id);


--
-- Name: usuarios_usuario usuarios_usuario_username_key; Type: CONSTRAINT; Schema: public; Owner: -
--

ALTER TABLE ONLY public.usuarios_usuario
    ADD CONSTRAINT usuarios_usuario_username_key UNIQUE (username);


--
-- Name: auth_group_name_a6ea08ec_like; Type: INDEX; Schema: public; Owner: -
--

CREATE INDEX auth_group_name_a6ea08ec_like ON public.auth_group USING btree (name varchar_pattern_ops);


--
-- Name: auth_group_permissions_group_id_b120cbf9; Type: INDEX; Schema: public; Owner: -
--

CREATE INDEX auth_group_permissions_group_id_b120cbf9 ON public.auth_group_permissions USING btree (group_id);


--
-- Name: auth_group_permissions_permission_id_84c5c92e; Type: INDEX; Schema: public; Owner: -
--

CREATE INDEX auth_group_permissions_permission_id_84c5c92e ON public.auth_group_permissions USING btree (permission_id);


--
-- Name: auth_permission_content_type_id_2f476e4b; Type: INDEX; Schema: public; Owner: -
--

CREATE INDEX auth_permission_content_type_id_2f476e4b ON public.auth_permission USING btree (content_type_id);


--
-- Name: citas_cita_paciente_id_6494b869; Type: INDEX; Schema: public; Owner: -
--

CREATE INDEX citas_cita_paciente_id_6494b869 ON public.citas_cita USING btree (paciente_id);


--
-- Name: citas_cita_tratamiento_id_961340a6; Type: INDEX; Schema: public; Owner: -
--

CREATE INDEX citas_cita_tratamiento_id_961340a6 ON public.citas_cita USING btree (tratamiento_id);


--
-- Name: django_admin_log_content_type_id_c4bce8eb; Type: INDEX; Schema: public; Owner: -
--

CREATE INDEX django_admin_log_content_type_id_c4bce8eb ON public.django_admin_log USING btree (content_type_id);


--
-- Name: django_admin_log_user_id_c564eba6; Type: INDEX; Schema: public; Owner: -
--

CREATE INDEX django_admin_log_user_id_c564eba6 ON public.django_admin_log USING btree (user_id);


--
-- Name: django_cele_date_cr_bd6c1d_idx; Type: INDEX; Schema: public; Owner: -
--

CREATE INDEX django_cele_date_cr_bd6c1d_idx ON public.django_celery_results_groupresult USING btree (date_created);


--
-- Name: django_cele_date_cr_f04a50_idx; Type: INDEX; Schema: public; Owner: -
--

CREATE INDEX django_cele_date_cr_f04a50_idx ON public.django_celery_results_taskresult USING btree (date_created);


--
-- Name: django_cele_date_do_caae0e_idx; Type: INDEX; Schema: public; Owner: -
--

CREATE INDEX django_cele_date_do_caae0e_idx ON public.django_celery_results_groupresult USING btree (date_done);


--
-- Name: django_cele_date_do_f59aad_idx; Type: INDEX; Schema: public; Owner: -
--

CREATE INDEX django_cele_date_do_f59aad_idx ON public.django_celery_results_taskresult USING btree (date_done);


--
-- Name: django_cele_status_9b6201_idx; Type: INDEX; Schema: public; Owner: -
--

CREATE INDEX django_cele_status_9b6201_idx ON public.django_celery_results_taskresult USING btree (status);


--
-- Name: django_cele_task_na_08aec9_idx; Type: INDEX; Schema: public; Owner: -
--

CREATE INDEX django_cele_task_na_08aec9_idx ON public.django_celery_results_taskresult USING btree (task_name);


--
-- Name: django_cele_worker_d54dd8_idx; Type: INDEX; Schema: public; Owner: -
--

CREATE INDEX django_cele_worker_d54dd8_idx ON public.django_celery_results_taskresult USING btree (worker);


--
-- Name: django_celery_beat_periodictask_clocked_id_47a69f82; Type: INDEX; Schema: public; Owner: -
--

CREATE INDEX django_celery_beat_periodictask_clocked_id_47a69f82 ON public.django_celery_beat_periodictask USING btree (clocked_id);


--
-- Name: django_celery_beat_periodictask_crontab_id_d3cba168; Type: INDEX; Schema: public; Owner: -
--

CREATE INDEX django_celery_beat_periodictask_crontab_id_d3cba168 ON public.django_celery_beat_periodictask USING btree (crontab_id);


--
-- Name: django_celery_beat_periodictask_interval_id_a8ca27da; Type: INDEX; Schema: public; Owner: -
--

CREATE INDEX django_celery_beat_periodictask_interval_id_a8ca27da ON public.django_celery_beat_periodictask USING btree (interval_id);


--
-- Name: django_celery_beat_periodictask_name_265a36b7_like; Type: INDEX; Schema: public; Owner: -
--

CREATE INDEX django_celery_beat_periodictask_name_265a36b7_like ON public.django_celery_beat_periodictask USING btree (name varchar_pattern_ops);


--
-- Name: django_celery_beat_periodictask_solar_id_a87ce72c; Type: INDEX; Schema: public; Owner: -
--

CREATE INDEX django_celery_beat_periodictask_solar_id_a87ce72c ON public.django_celery_beat_periodictask USING btree (solar_id);


--
-- Name: django_celery_results_chordcounter_group_id_1f70858c_like; Type: INDEX; Schema: public; Owner: -
--

CREATE INDEX django_celery_results_chordcounter_group_id_1f70858c_like ON public.django_celery_results_chordcounter USING btree (group_id varchar_pattern_ops);


--
-- Name: django_celery_results_groupresult_group_id_a085f1a9_like; Type: INDEX; Schema: public; Owner: -
--

CREATE INDEX django_celery_results_groupresult_group_id_a085f1a9_like ON public.django_celery_results_groupresult USING btree (group_id varchar_pattern_ops);


--
-- Name: django_celery_results_taskresult_task_id_de0d95bf_like; Type: INDEX; Schema: public; Owner: -
--

CREATE INDEX django_celery_results_taskresult_task_id_de0d95bf_like ON public.django_celery_results_taskresult USING btree (task_id varchar_pattern_ops);


--
-- Name: django_session_expire_date_a5c62663; Type: INDEX; Schema: public; Owner: -
--

CREATE INDEX django_session_expire_date_a5c62663 ON public.django_session USING btree (expire_date);


--
-- Name: django_session_session_key_c0390e0f_like; Type: INDEX; Schema: public; Owner: -
--

CREATE INDEX django_session_session_key_c0390e0f_like ON public.django_session USING btree (session_key varchar_pattern_ops);


--
-- Name: insumos_movimientoinsumo_insumo_id_e2823378; Type: INDEX; Schema: public; Owner: -
--

CREATE INDEX insumos_movimientoinsumo_insumo_id_e2823378 ON public.insumos_movimientoinsumo USING btree (insumo_id);


--
-- Name: insumos_movimientoinsumo_usuario_id_1eae149e; Type: INDEX; Schema: public; Owner: -
--

CREATE INDEX insumos_movimientoinsumo_usuario_id_1eae149e ON public.insumos_movimientoinsumo USING btree (usuario_id);


--
-- Name: pacientes_fichaclinica_paciente_id_a7b887e2; Type: INDEX; Schema: public; Owner: -
--

CREATE INDEX pacientes_fichaclinica_paciente_id_a7b887e2 ON public.pacientes_fichaclinica USING btree (paciente_id);


--
-- Name: pacientes_paciente_rut_4b58336c_like; Type: INDEX; Schema: public; Owner: -
--

CREATE INDEX pacientes_paciente_rut_4b58336c_like ON public.pacientes_paciente USING btree (rut varchar_pattern_ops);


--
-- Name: pacientes_usoproductoenficha_ficha_id_c6942183; Type: INDEX; Schema: public; Owner: -
--

CREATE INDEX pacientes_usoproductoenficha_ficha_id_c6942183 ON public.pacientes_usoproductoenficha USING btree (ficha_id);


--
-- Name: pacientes_usoproductoenficha_insumo_id_f4aafa80; Type: INDEX; Schema: public; Owner: -
--

CREATE INDEX pacientes_usoproductoenficha_insumo_id_f4aafa80 ON public.pacientes_usoproductoenficha USING btree (insumo_id);


--
-- Name: usuarios_usuario_groups_group_id_e77f6dcf; Type: INDEX; Schema: public; Owner: -
--

CREATE INDEX usuarios_usuario_groups_group_id_e77f6dcf ON public.usuarios_usuario_groups USING btree (group_id);


--
-- Name: usuarios_usuario_groups_usuario_id_7a34077f; Type: INDEX; Schema: public; Owner: -
--

CREATE INDEX usuarios_usuario_groups_usuario_id_7a34077f ON public.usuarios_usuario_groups USING btree (usuario_id);


--
-- Name: usuarios_usuario_user_permissions_permission_id_4e5c0f2f; Type: INDEX; Schema: public; Owner: -
--

CREATE INDEX usuarios_usuario_user_permissions_permission_id_4e5c0f2f ON public.usuarios_usuario_user_permissions USING btree (permission_id);


--
-- Name: usuarios_usuario_user_permissions_usuario_id_60aeea80; Type: INDEX; Schema: public; Owner: -
--

CREATE INDEX usuarios_usuario_user_permissions_usuario_id_60aeea80 ON public.usuarios_usuario_user_permissions USING btree (usuario_id);


--
-- Name: usuarios_usuario_username_be9def2b_like; Type: INDEX; Schema: public; Owner: -
--

CREATE INDEX usuarios_usuario_username_be9def2b_like ON public.usuarios_usuario USING btree (username varchar_pattern_ops);


--
-- Name: auth_group_permissions auth_group_permissio_permission_id_84c5c92e_fk_auth_perm; Type: FK CONSTRAINT; Schema: public; Owner: -
--

ALTER TABLE ONLY public.auth_group_permissions
    ADD CONSTRAINT auth_group_permissio_permission_id_84c5c92e_fk_auth_perm FOREIGN KEY (permission_id) REFERENCES public.auth_permission(id) DEFERRABLE INITIALLY DEFERRED;


--
-- Name: auth_group_permissions auth_group_permissions_group_id_b120cbf9_fk_auth_group_id; Type: FK CONSTRAINT; Schema: public; Owner: -
--

ALTER TABLE ONLY public.auth_group_permissions
    ADD CONSTRAINT auth_group_permissions_group_id_b120cbf9_fk_auth_group_id FOREIGN KEY (group_id) REFERENCES public.auth_group(id) DEFERRABLE INITIALLY DEFERRED;


--
-- Name: auth_permission auth_permission_content_type_id_2f476e4b_fk_django_co; Type: FK CONSTRAINT; Schema: public; Owner: -
--

ALTER TABLE ONLY public.auth_permission
    ADD CONSTRAINT auth_permission_content_type_id_2f476e4b_fk_django_co FOREIGN KEY (content_type_id) REFERENCES public.django_content_type(id) DEFERRABLE INITIALLY DEFERRED;


--
-- Name: citas_cita citas_cita_paciente_id_6494b869_fk_pacientes_paciente_id; Type: FK CONSTRAINT; Schema: public; Owner: -
--

ALTER TABLE ONLY public.citas_cita
    ADD CONSTRAINT citas_cita_paciente_id_6494b869_fk_pacientes_paciente_id FOREIGN KEY (paciente_id) REFERENCES public.pacientes_paciente(id) DEFERRABLE INITIALLY DEFERRED;


--
-- Name: citas_cita citas_cita_tratamiento_id_961340a6_fk_citas_tratamiento_id; Type: FK CONSTRAINT; Schema: public; Owner: -
--

ALTER TABLE ONLY public.citas_cita
    ADD CONSTRAINT citas_cita_tratamiento_id_961340a6_fk_citas_tratamiento_id FOREIGN KEY (tratamiento_id) REFERENCES public.citas_tratamiento(id) DEFERRABLE INITIALLY DEFERRED;


--
-- Name: django_admin_log django_admin_log_content_type_id_c4bce8eb_fk_django_co; Type: FK CONSTRAINT; Schema: public; Owner: -
--

ALTER TABLE ONLY public.django_admin_log
    ADD CONSTRAINT django_admin_log_content_type_id_c4bce8eb_fk_django_co FOREIGN KEY (content_type_id) REFERENCES public.django_content_type(id) DEFERRABLE INITIALLY DEFERRED;


--
-- Name: django_admin_log django_admin_log_user_id_c564eba6_fk_usuarios_usuario_id; Type: FK CONSTRAINT; Schema: public; Owner: -
--

ALTER TABLE ONLY public.django_admin_log
    ADD CONSTRAINT django_admin_log_user_id_c564eba6_fk_usuarios_usuario_id FOREIGN KEY (user_id) REFERENCES public.usuarios_usuario(id) DEFERRABLE INITIALLY DEFERRED;


--
-- Name: django_celery_beat_periodictask django_celery_beat_p_clocked_id_47a69f82_fk_django_ce; Type: FK CONSTRAINT; Schema: public; Owner: -
--

ALTER TABLE ONLY public.django_celery_beat_periodictask
    ADD CONSTRAINT django_celery_beat_p_clocked_id_47a69f82_fk_django_ce FOREIGN KEY (clocked_id) REFERENCES public.django_celery_beat_clockedschedule(id) DEFERRABLE INITIALLY DEFERRED;


--
-- Name: django_celery_beat_periodictask django_celery_beat_p_crontab_id_d3cba168_fk_django_ce; Type: FK CONSTRAINT; Schema: public; Owner: -
--

ALTER TABLE ONLY public.django_celery_beat_periodictask
    ADD CONSTRAINT django_celery_beat_p_crontab_id_d3cba168_fk_django_ce FOREIGN KEY (crontab_id) REFERENCES public.django_celery_beat_crontabschedule(id) DEFERRABLE INITIALLY DEFERRED;


--
-- Name: django_celery_beat_periodictask django_celery_beat_p_interval_id_a8ca27da_fk_django_ce; Type: FK CONSTRAINT; Schema: public; Owner: -
--

ALTER TABLE ONLY public.django_celery_beat_periodictask
    ADD CONSTRAINT django_celery_beat_p_interval_id_a8ca27da_fk_django_ce FOREIGN KEY (interval_id) REFERENCES public.django_celery_beat_intervalschedule(id) DEFERRABLE INITIALLY DEFERRED;


--
-- Name: django_celery_beat_periodictask django_celery_beat_p_solar_id_a87ce72c_fk_django_ce; Type: FK CONSTRAINT; Schema: public; Owner: -
--

ALTER TABLE ONLY public.django_celery_beat_periodictask
    ADD CONSTRAINT django_celery_beat_p_solar_id_a87ce72c_fk_django_ce FOREIGN KEY (solar_id) REFERENCES public.django_celery_beat_solarschedule(id) DEFERRABLE INITIALLY DEFERRED;


--
-- Name: insumos_movimientoinsumo insumos_movimientoin_insumo_id_e2823378_fk_insumos_i; Type: FK CONSTRAINT; Schema: public; Owner: -
--

ALTER TABLE ONLY public.insumos_movimientoinsumo
    ADD CONSTRAINT insumos_movimientoin_insumo_id_e2823378_fk_insumos_i FOREIGN KEY (insumo_id) REFERENCES public.insumos_insumo(id) DEFERRABLE INITIALLY DEFERRED;


--
-- Name: insumos_movimientoinsumo insumos_movimientoin_usuario_id_1eae149e_fk_usuarios_; Type: FK CONSTRAINT; Schema: public; Owner: -
--

ALTER TABLE ONLY public.insumos_movimientoinsumo
    ADD CONSTRAINT insumos_movimientoin_usuario_id_1eae149e_fk_usuarios_ FOREIGN KEY (usuario_id) REFERENCES public.usuarios_usuario(id) DEFERRABLE INITIALLY DEFERRED;


--
-- Name: pacientes_fichaclinica pacientes_fichaclini_paciente_id_a7b887e2_fk_pacientes; Type: FK CONSTRAINT; Schema: public; Owner: -
--

ALTER TABLE ONLY public.pacientes_fichaclinica
    ADD CONSTRAINT pacientes_fichaclini_paciente_id_a7b887e2_fk_pacientes FOREIGN KEY (paciente_id) REFERENCES public.pacientes_paciente(id) DEFERRABLE INITIALLY DEFERRED;


--
-- Name: pacientes_fichaclinica pacientes_fichaclinica_cita_id_8be0889c_fk_citas_cita_id; Type: FK CONSTRAINT; Schema: public; Owner: -
--

ALTER TABLE ONLY public.pacientes_fichaclinica
    ADD CONSTRAINT pacientes_fichaclinica_cita_id_8be0889c_fk_citas_cita_id FOREIGN KEY (cita_id) REFERENCES public.citas_cita(id) DEFERRABLE INITIALLY DEFERRED;


--
-- Name: pacientes_usoproductoenficha pacientes_usoproduct_ficha_id_c6942183_fk_pacientes; Type: FK CONSTRAINT; Schema: public; Owner: -
--

ALTER TABLE ONLY public.pacientes_usoproductoenficha
    ADD CONSTRAINT pacientes_usoproduct_ficha_id_c6942183_fk_pacientes FOREIGN KEY (ficha_id) REFERENCES public.pacientes_fichaclinica(id) DEFERRABLE INITIALLY DEFERRED;


--
-- Name: pacientes_usoproductoenficha pacientes_usoproduct_insumo_id_f4aafa80_fk_insumos_i; Type: FK CONSTRAINT; Schema: public; Owner: -
--

ALTER TABLE ONLY public.pacientes_usoproductoenficha
    ADD CONSTRAINT pacientes_usoproduct_insumo_id_f4aafa80_fk_insumos_i FOREIGN KEY (insumo_id) REFERENCES public.insumos_insumo(id) DEFERRABLE INITIALLY DEFERRED;


--
-- Name: usuarios_usuario_groups usuarios_usuario_gro_usuario_id_7a34077f_fk_usuarios_; Type: FK CONSTRAINT; Schema: public; Owner: -
--

ALTER TABLE ONLY public.usuarios_usuario_groups
    ADD CONSTRAINT usuarios_usuario_gro_usuario_id_7a34077f_fk_usuarios_ FOREIGN KEY (usuario_id) REFERENCES public.usuarios_usuario(id) DEFERRABLE INITIALLY DEFERRED;


--
-- Name: usuarios_usuario_groups usuarios_usuario_groups_group_id_e77f6dcf_fk_auth_group_id; Type: FK CONSTRAINT; Schema: public; Owner: -
--

ALTER TABLE ONLY public.usuarios_usuario_groups
    ADD CONSTRAINT usuarios_usuario_groups_group_id_e77f6dcf_fk_auth_group_id FOREIGN KEY (group_id) REFERENCES public.auth_group(id) DEFERRABLE INITIALLY DEFERRED;


--
-- Name: usuarios_usuario_user_permissions usuarios_usuario_use_permission_id_4e5c0f2f_fk_auth_perm; Type: FK CONSTRAINT; Schema: public; Owner: -
--

ALTER TABLE ONLY public.usuarios_usuario_user_permissions
    ADD CONSTRAINT usuarios_usuario_use_permission_id_4e5c0f2f_fk_auth_perm FOREIGN KEY (permission_id) REFERENCES public.auth_permission(id) DEFERRABLE INITIALLY DEFERRED;


--
-- Name: usuarios_usuario_user_permissions usuarios_usuario_use_usuario_id_60aeea80_fk_usuarios_; Type: FK CONSTRAINT; Schema: public; Owner: -
--

ALTER TABLE ONLY public.usuarios_usuario_user_permissions
    ADD CONSTRAINT usuarios_usuario_use_usuario_id_60aeea80_fk_usuarios_ FOREIGN KEY (usuario_id) REFERENCES public.usuarios_usuario(id) DEFERRABLE INITIALLY DEFERRED;


--
-- PostgreSQL database dump complete
--

